Channel			  :,CH1
Frequency			  :,F=  ?
Period 			  :,T=  ?
PK-PK				  :,Vpp=4.640V
Average			  :,V=3.375V
Vertical pos		  :,0.00mV
Probe attenuation	  :,10X
Voltage per ADC value:,80.00mV
Time interval		  :,40.00uS

index,CH1_Voltage(mV)
0,4560.00
1,4480.00
2,4560.00
3,4560.00
4,4560.00
5,4560.00
6,4560.00
7,4480.00
8,4480.00
9,4560.00
10,4480.00
11,4560.00
12,4560.00
13,4560.00
14,4480.00
15,4480.00
16,4560.00
17,4560.00
18,4480.00
19,4560.00
20,4560.00
21,4560.00
22,4480.00
23,4560.00
24,4560.00
25,4560.00
26,4560.00
27,4560.00
28,4480.00
29,4560.00
30,4560.00
31,4560.00
32,4560.00
33,4560.00
34,4560.00
35,4560.00
36,4560.00
37,4560.00
38,4560.00
39,4560.00
40,4560.00
41,4560.00
42,4560.00
43,4480.00
44,4560.00
45,4560.00
46,4560.00
47,4480.00
48,4560.00
49,4560.00
50,4560.00
51,4560.00
52,4560.00
53,4560.00
54,4560.00
55,4560.00
56,4560.00
57,4560.00
58,4480.00
59,4480.00
60,4560.00
61,4560.00
62,4560.00
63,4560.00
64,4560.00
65,4480.00
66,4480.00
67,4560.00
68,4560.00
69,4560.00
70,4560.00
71,4560.00
72,4560.00
73,4560.00
74,4560.00
75,4480.00
76,4480.00
77,4560.00
78,4560.00
79,4560.00
80,4560.00
81,4560.00
82,4560.00
83,4560.00
84,4560.00
85,4560.00
86,4560.00
87,4560.00
88,4560.00
89,4480.00
90,4480.00
91,4560.00
92,4480.00
93,4560.00
94,4480.00
95,4560.00
96,4560.00
97,4480.00
98,4480.00
99,4560.00
100,4560.00
101,4560.00
102,4560.00
103,4560.00
104,4480.00
105,4560.00
106,4480.00
107,4560.00
108,4560.00
109,4560.00
110,4560.00
111,4480.00
112,4480.00
113,4480.00
114,4560.00
115,4480.00
116,4560.00
117,4480.00
118,4560.00
119,4560.00
120,4480.00
121,4480.00
122,4480.00
123,4480.00
124,4560.00
125,4560.00
126,4560.00
127,4480.00
128,4560.00
129,4560.00
130,4480.00
131,4560.00
132,4480.00
133,4560.00
134,4480.00
135,4560.00
136,4480.00
137,4560.00
138,4560.00
139,4480.00
140,4560.00
141,4480.00
142,4480.00
143,4560.00
144,4560.00
145,4560.00
146,4480.00
147,4560.00
148,4560.00
149,4480.00
150,4480.00
151,4560.00
152,4480.00
153,4560.00
154,4480.00
155,4560.00
156,4560.00
157,4560.00
158,4560.00
159,4560.00
160,4480.00
161,4560.00
162,4480.00
163,4480.00
164,4560.00
165,4560.00
166,4560.00
167,4560.00
168,4560.00
169,4560.00
170,4480.00
171,4560.00
172,4560.00
173,4560.00
174,4560.00
175,4480.00
176,4480.00
177,4560.00
178,4560.00
179,4560.00
180,4560.00
181,4480.00
182,4480.00
183,4480.00
184,4560.00
185,4480.00
186,4560.00
187,4480.00
188,4480.00
189,4560.00
190,4560.00
191,4560.00
192,4480.00
193,4480.00
194,4560.00
195,4560.00
196,4560.00
197,4560.00
198,4560.00
199,4560.00
200,4480.00
201,4480.00
202,4560.00
203,4560.00
204,4480.00
205,4480.00
206,4560.00
207,4480.00
208,4560.00
209,4560.00
210,4560.00
211,4480.00
212,4480.00
213,4560.00
214,4560.00
215,4480.00
216,4560.00
217,4560.00
218,4560.00
219,4480.00
220,4480.00
221,4560.00
222,4480.00
223,4560.00
224,4480.00
225,4560.00
226,4560.00
227,4560.00
228,4560.00
229,4560.00
230,4560.00
231,4560.00
232,4480.00
233,4480.00
234,4560.00
235,4560.00
236,4560.00
237,4560.00
238,4480.00
239,4480.00
240,4480.00
241,4480.00
242,4560.00
243,4560.00
244,4560.00
245,4480.00
246,4480.00
247,4480.00
248,4480.00
249,4560.00
250,4560.00
251,4560.00
252,4560.00
253,4480.00
254,4480.00
255,4560.00
256,4560.00
257,4560.00
258,4480.00
259,4560.00
260,4560.00
261,4480.00
262,4560.00
263,4560.00
264,4560.00
265,4560.00
266,4560.00
267,4560.00
268,4560.00
269,4560.00
270,4560.00
271,4560.00
272,4560.00
273,4480.00
274,4560.00
275,4560.00
276,4480.00
277,4560.00
278,4480.00
279,4560.00
280,4560.00
281,4480.00
282,4640.00
283,4480.00
284,4560.00
285,4560.00
286,4480.00
287,4480.00
288,4560.00
289,4560.00
290,4480.00
291,4480.00
292,4560.00
293,4480.00
294,4480.00
295,4480.00
296,4480.00
297,4560.00
298,4560.00
299,4560.00
300,4480.00
301,4560.00
302,4560.00
303,4560.00
304,4560.00
305,4560.00
306,4480.00
307,4560.00
308,4480.00
309,4560.00
310,4560.00
311,4560.00
312,4560.00
313,4560.00
314,4480.00
315,4560.00
316,4480.00
317,4480.00
318,4560.00
319,4560.00
320,4480.00
321,4560.00
322,4560.00
323,4480.00
324,4560.00
325,4560.00
326,4560.00
327,4480.00
328,4560.00
329,4560.00
330,4560.00
331,4480.00
332,4560.00
333,4560.00
334,4560.00
335,4480.00
336,4480.00
337,4480.00
338,4480.00
339,4560.00
340,4480.00
341,4560.00
342,4560.00
343,4480.00
344,4480.00
345,4480.00
346,4480.00
347,4480.00
348,4480.00
349,4560.00
350,4480.00
351,4560.00
352,4480.00
353,4560.00
354,4480.00
355,4560.00
356,4560.00
357,4560.00
358,4560.00
359,4480.00
360,4560.00
361,4480.00
362,4560.00
363,4480.00
364,4560.00
365,4560.00
366,4560.00
367,4560.00
368,4560.00
369,4560.00
370,4480.00
371,4560.00
372,4480.00
373,4560.00
374,4560.00
375,4560.00
376,4480.00
377,4560.00
378,4560.00
379,4560.00
380,4480.00
381,4560.00
382,4560.00
383,4480.00
384,4560.00
385,4480.00
386,4560.00
387,4560.00
388,4560.00
389,4560.00
390,4480.00
391,4480.00
392,4560.00
393,4560.00
394,4560.00
395,4560.00
396,4480.00
397,4560.00
398,4560.00
399,4560.00
400,4480.00
401,4560.00
402,4560.00
403,4480.00
404,4560.00
405,4480.00
406,4480.00
407,4480.00
408,4560.00
409,4560.00
410,4480.00
411,4560.00
412,4560.00
413,4560.00
414,4560.00
415,4560.00
416,4560.00
417,4560.00
418,4560.00
419,4560.00
420,4560.00
421,4560.00
422,4560.00
423,4560.00
424,4560.00
425,4480.00
426,4480.00
427,4560.00
428,4560.00
429,4560.00
430,4560.00
431,4560.00
432,4560.00
433,4560.00
434,4480.00
435,4560.00
436,4480.00
437,4480.00
438,4560.00
439,4560.00
440,4560.00
441,4480.00
442,4560.00
443,4560.00
444,4480.00
445,4560.00
446,4560.00
447,4560.00
448,4560.00
449,4480.00
450,4480.00
451,4480.00
452,4480.00
453,4560.00
454,4560.00
455,4480.00
456,4480.00
457,4560.00
458,4560.00
459,4560.00
460,4560.00
461,4560.00
462,4560.00
463,4560.00
464,4480.00
465,4560.00
466,4560.00
467,4480.00
468,4560.00
469,4480.00
470,4560.00
471,4480.00
472,4560.00
473,4560.00
474,4560.00
475,4560.00
476,4480.00
477,4640.00
478,4480.00
479,4560.00
480,4480.00
481,4560.00
482,4480.00
483,4480.00
484,4560.00
485,4480.00
486,4560.00
487,4480.00
488,4560.00
489,4560.00
490,4560.00
491,4480.00
492,4480.00
493,4560.00
494,4480.00
495,4560.00
496,4480.00
497,4480.00
498,4560.00
499,4560.00
500,4560.00
501,4560.00
502,4480.00
503,4560.00
504,4560.00
505,4560.00
506,4560.00
507,4560.00
508,4560.00
509,4560.00
510,4560.00
511,4560.00
512,4560.00
513,4560.00
514,4560.00
515,4560.00
516,4480.00
517,4560.00
518,4560.00
519,4480.00
520,4560.00
521,4480.00
522,4560.00
523,4480.00
524,4560.00
525,4560.00
526,4560.00
527,4480.00
528,4480.00
529,4480.00
530,4560.00
531,4560.00
532,4480.00
533,4560.00
534,4480.00
535,4560.00
536,4560.00
537,4480.00
538,4480.00
539,4560.00
540,4560.00
541,4560.00
542,4560.00
543,4560.00
544,4480.00
545,4480.00
546,4560.00
547,4560.00
548,4560.00
549,4560.00
550,4480.00
551,4560.00
552,4560.00
553,4560.00
554,4560.00
555,4560.00
556,4480.00
557,4480.00
558,4560.00
559,4560.00
560,4560.00
561,4480.00
562,4560.00
563,4560.00
564,4480.00
565,4560.00
566,4560.00
567,4560.00
568,4560.00
569,4560.00
570,4560.00
571,4480.00
572,4480.00
573,4480.00
574,4560.00
575,4480.00
576,4560.00
577,4640.00
578,4560.00
579,4560.00
580,4480.00
581,4480.00
582,4480.00
583,4560.00
584,4560.00
585,4480.00
586,4480.00
587,4560.00
588,4480.00
589,4480.00
590,4480.00
591,4560.00
592,4560.00
593,4560.00
594,4560.00
595,4560.00
596,4560.00
597,4480.00
598,4480.00
599,4480.00
600,4480.00
601,4480.00
602,4560.00
603,4480.00
604,4480.00
605,4480.00
606,4560.00
607,4480.00
608,4480.00
609,4560.00
610,4560.00
611,4560.00
612,4480.00
613,4480.00
614,4560.00
615,4560.00
616,4560.00
617,4560.00
618,4480.00
619,4560.00
620,4480.00
621,4560.00
622,4480.00
623,4560.00
624,4560.00
625,4560.00
626,4480.00
627,4480.00
628,4560.00
629,4560.00
630,4480.00
631,4560.00
632,4480.00
633,4560.00
634,4480.00
635,4560.00
636,4480.00
637,4480.00
638,4560.00
639,4480.00
640,4560.00
641,4560.00
642,4560.00
643,4560.00
644,4480.00
645,4480.00
646,4560.00
647,4560.00
648,4480.00
649,4560.00
650,4560.00
651,4560.00
652,4560.00
653,4560.00
654,4560.00
655,4560.00
656,4560.00
657,4480.00
658,4480.00
659,4560.00
660,4560.00
661,4480.00
662,4560.00
663,4560.00
664,4480.00
665,4480.00
666,4560.00
667,4560.00
668,4560.00
669,4560.00
670,4560.00
671,4560.00
672,4560.00
673,4480.00
674,4560.00
675,4560.00
676,4560.00
677,4560.00
678,4480.00
679,4560.00
680,4560.00
681,4560.00
682,4480.00
683,4560.00
684,4560.00
685,4480.00
686,4560.00
687,4560.00
688,4560.00
689,4560.00
690,4560.00
691,4560.00
692,4560.00
693,4560.00
694,4480.00
695,4560.00
696,4560.00
697,4560.00
698,4560.00
699,4560.00
700,4560.00
701,4560.00
702,4560.00
703,4560.00
704,4560.00
705,4560.00
706,4480.00
707,4560.00
708,4560.00
709,4480.00
710,4560.00
711,4560.00
712,4560.00
713,4560.00
714,4560.00
715,4480.00
716,4560.00
717,4560.00
718,4480.00
719,4480.00
720,4560.00
721,4560.00
722,4560.00
723,4480.00
724,4560.00
725,4480.00
726,4560.00
727,4480.00
728,4560.00
729,4480.00
730,4480.00
731,4560.00
732,4560.00
733,4480.00
734,4560.00
735,4560.00
736,4560.00
737,4480.00
738,4480.00
739,4480.00
740,4480.00
741,4480.00
742,4560.00
743,4480.00
744,4480.00
745,4560.00
746,4480.00
747,4560.00
748,4560.00
749,4560.00
750,4560.00
751,4560.00
752,4560.00
753,4480.00
754,4560.00
755,4560.00
756,4560.00
757,4560.00
758,4560.00
759,4560.00
760,4560.00
761,4560.00
762,4480.00
763,4560.00
764,4560.00
765,4560.00
766,4560.00
767,4480.00
768,4480.00
769,4560.00
770,4560.00
771,4480.00
772,4560.00
773,4480.00
774,4560.00
775,4480.00
776,4480.00
777,4560.00
778,4480.00
779,4480.00
780,4560.00
781,4560.00
782,4480.00
783,4560.00
784,4480.00
785,4560.00
786,4560.00
787,4560.00
788,4560.00
789,4480.00
790,4480.00
791,4480.00
792,4560.00
793,4480.00
794,4480.00
795,4560.00
796,4560.00
797,4480.00
798,4480.00
799,4560.00
800,4560.00
801,4560.00
802,4560.00
803,4480.00
804,4560.00
805,4560.00
806,4560.00
807,4560.00
808,4560.00
809,4560.00
810,4480.00
811,4480.00
812,4480.00
813,4560.00
814,4560.00
815,4560.00
816,4560.00
817,4480.00
818,4560.00
819,4560.00
820,4560.00
821,4560.00
822,4480.00
823,4480.00
824,4480.00
825,4560.00
826,4560.00
827,4560.00
828,4480.00
829,4560.00
830,4480.00
831,4560.00
832,4560.00
833,4560.00
834,4480.00
835,4480.00
836,4480.00
837,4560.00
838,4560.00
839,4560.00
840,4560.00
841,4480.00
842,4560.00
843,4560.00
844,4480.00
845,4480.00
846,4560.00
847,4560.00
848,4480.00
849,4560.00
850,4560.00
851,4560.00
852,4480.00
853,4480.00
854,4480.00
855,4480.00
856,4560.00
857,4560.00
858,4560.00
859,4560.00
860,4480.00
861,4480.00
862,4480.00
863,4560.00
864,4560.00
865,4560.00
866,4560.00
867,4560.00
868,4560.00
869,4560.00
870,4560.00
871,4560.00
872,4560.00
873,4560.00
874,4560.00
875,4480.00
876,4560.00
877,4480.00
878,4480.00
879,4560.00
880,4560.00
881,4480.00
882,4480.00
883,4560.00
884,4480.00
885,4560.00
886,4480.00
887,4560.00
888,4560.00
889,4560.00
890,4480.00
891,4560.00
892,4560.00
893,4480.00
894,80.00
895,80.00
896,80.00
897,0.00
898,0.00
899,80.00
900,0.00
901,0.00
902,0.00
903,0.00
904,0.00
905,0.00
906,0.00
907,0.00
908,0.00
909,0.00
910,0.00
911,0.00
912,0.00
913,0.00
914,0.00
915,0.00
916,0.00
917,0.00
918,0.00
919,0.00
920,0.00
921,0.00
922,0.00
923,0.00
924,0.00
925,0.00
926,0.00
927,0.00
928,0.00
929,0.00
930,0.00
931,0.00
932,0.00
933,0.00
934,0.00
935,0.00
936,0.00
937,0.00
938,0.00
939,0.00
940,0.00
941,0.00
942,0.00
943,0.00
944,0.00
945,0.00
946,0.00
947,0.00
948,0.00
949,0.00
950,0.00
951,0.00
952,0.00
953,0.00
954,0.00
955,0.00
956,0.00
957,0.00
958,0.00
959,0.00
960,0.00
961,0.00
962,0.00
963,0.00
964,0.00
965,0.00
966,0.00
967,0.00
968,0.00
969,0.00
970,0.00
971,0.00
972,0.00
973,0.00
974,0.00
975,0.00
976,0.00
977,0.00
978,0.00
979,0.00
980,0.00
981,0.00
982,0.00
983,0.00
984,0.00
985,0.00
986,0.00
987,0.00
988,0.00
989,0.00
990,0.00
991,0.00
992,0.00
993,0.00
994,0.00
995,0.00
996,0.00
997,0.00
998,0.00
999,0.00
1000,0.00
1001,0.00
1002,0.00
1003,0.00
1004,0.00
1005,0.00
1006,0.00
1007,0.00
1008,0.00
1009,0.00
1010,0.00
1011,0.00
1012,0.00
1013,0.00
1014,0.00
1015,0.00
1016,0.00
1017,0.00
1018,0.00
1019,0.00
1020,0.00
1021,0.00
1022,0.00
1023,0.00
1024,0.00
1025,0.00
1026,0.00
1027,0.00
1028,0.00
1029,0.00
1030,0.00
1031,0.00
1032,0.00
1033,0.00
1034,0.00
1035,0.00
1036,0.00
1037,0.00
1038,0.00
1039,0.00
1040,0.00
1041,0.00
1042,0.00
1043,0.00
1044,0.00
1045,0.00
1046,0.00
1047,0.00
1048,0.00
1049,0.00
1050,0.00
1051,0.00
1052,0.00
1053,0.00
1054,0.00
1055,0.00
1056,0.00
1057,0.00
1058,0.00
1059,0.00
1060,0.00
1061,0.00
1062,0.00
1063,0.00
1064,0.00
1065,0.00
1066,0.00
1067,0.00
1068,0.00
1069,0.00
1070,0.00
1071,0.00
1072,0.00
1073,0.00
1074,0.00
1075,0.00
1076,0.00
1077,0.00
1078,0.00
1079,0.00
1080,0.00
1081,0.00
1082,0.00
1083,0.00
1084,0.00
1085,0.00
1086,0.00
1087,0.00
1088,0.00
1089,0.00
1090,0.00
1091,0.00
1092,0.00
1093,0.00
1094,0.00
1095,0.00
1096,0.00
1097,0.00
1098,0.00
1099,0.00
1100,0.00
1101,0.00
1102,0.00
1103,0.00
1104,0.00
1105,0.00
1106,0.00
1107,0.00
1108,0.00
1109,0.00
1110,0.00
1111,0.00
1112,0.00
1113,0.00
1114,0.00
1115,0.00
1116,0.00
1117,0.00
1118,0.00
1119,0.00
1120,4400.00
1121,4400.00
1122,4480.00
1123,4480.00
1124,4480.00
1125,4480.00
1126,4560.00
1127,4480.00
1128,4480.00
1129,4480.00
1130,4480.00
1131,4480.00
1132,4560.00
1133,4480.00
1134,4480.00
1135,4480.00
1136,4480.00
1137,4480.00
1138,4560.00
1139,4480.00
1140,4560.00
1141,4480.00
1142,4480.00
1143,4560.00
1144,4480.00
1145,4480.00
1146,4480.00
1147,4560.00
1148,4480.00
1149,4560.00
1150,4480.00
1151,4480.00
1152,4560.00
1153,4560.00
1154,4480.00
1155,4560.00
1156,4480.00
1157,4560.00
1158,4560.00
1159,4560.00
1160,4480.00
1161,4560.00
1162,4560.00
1163,4480.00
1164,4560.00
1165,4560.00
1166,4480.00
1167,4480.00
1168,4560.00
1169,4560.00
1170,4480.00
1171,4560.00
1172,4560.00
1173,4480.00
1174,4560.00
1175,4480.00
1176,4560.00
1177,4480.00
1178,4480.00
1179,4560.00
1180,4560.00
1181,4480.00
1182,4560.00
1183,4560.00
1184,4560.00
1185,4560.00
1186,4560.00
1187,4560.00
1188,4480.00
1189,4480.00
1190,4480.00
1191,4560.00
1192,4560.00
1193,4560.00
1194,4560.00
1195,4560.00
1196,4560.00
1197,4560.00
1198,4560.00
1199,4560.00
1200,4560.00
1201,4480.00
1202,4560.00
1203,4480.00
1204,4560.00
1205,4480.00
1206,4480.00
1207,4560.00
1208,4560.00
1209,4560.00
1210,4560.00
1211,4560.00
1212,4560.00
1213,4560.00
1214,4560.00
1215,4560.00
1216,4560.00
1217,4480.00
1218,4560.00
1219,4560.00
1220,4480.00
1221,4560.00
1222,4560.00
1223,4480.00
1224,4560.00
1225,4480.00
1226,4480.00
1227,4560.00
1228,4560.00
1229,4560.00
1230,160.00
1231,80.00
1232,80.00
1233,0.00
1234,80.00
1235,0.00
1236,0.00
1237,0.00
1238,0.00
1239,0.00
1240,0.00
1241,80.00
1242,0.00
1243,0.00
1244,0.00
1245,0.00
1246,4480.00
1247,4480.00
1248,4560.00
1249,4480.00
1250,4480.00
1251,4480.00
1252,4560.00
1253,4480.00
1254,4560.00
1255,4480.00
1256,4480.00
1257,4560.00
1258,80.00
1259,160.00
1260,0.00
1261,80.00
1262,0.00
1263,0.00
1264,0.00
1265,80.00
1266,0.00
1267,80.00
1268,0.00
1269,0.00
1270,0.00
1271,0.00
1272,0.00
1273,0.00
1274,4480.00
1275,4400.00
1276,4480.00
1277,4560.00
1278,4480.00
1279,4560.00
1280,4560.00
1281,4560.00
1282,4480.00
1283,4560.00
1284,4480.00
1285,4480.00
1286,4560.00
1287,4560.00
1288,4560.00
1289,4480.00
1290,4560.00
1291,4560.00
1292,4480.00
1293,4560.00
1294,4480.00
1295,4480.00
1296,4560.00
1297,4560.00
1298,4560.00
1299,4560.00
1300,4560.00
1301,4560.00
1302,4560.00
1303,4560.00
1304,4560.00
1305,4560.00
1306,4560.00
1307,4560.00
1308,4560.00
1309,4480.00
1310,4480.00
1311,4480.00
1312,4560.00
1313,4560.00
1314,4480.00
1315,80.00
1316,80.00
1317,0.00
1318,0.00
1319,0.00
1320,80.00
1321,0.00
1322,0.00
1323,0.00
1324,0.00
1325,0.00
1326,0.00
1327,0.00
1328,0.00
1329,0.00
1330,4480.00
1331,4480.00
1332,4480.00
1333,4480.00
1334,4560.00
1335,4480.00
1336,4480.00
1337,4560.00
1338,4560.00
1339,4480.00
1340,4480.00
1341,4480.00
1342,4480.00
1343,80.00
1344,80.00
1345,80.00
1346,0.00
1347,0.00
1348,0.00
1349,0.00
1350,0.00
1351,0.00
1352,0.00
1353,0.00
1354,0.00
1355,0.00
1356,0.00
1357,0.00
1358,0.00
1359,4480.00
1360,4480.00
1361,4480.00
1362,4480.00
1363,4480.00
1364,4480.00
1365,4480.00
1366,4480.00
1367,4480.00
1368,4480.00
1369,4560.00
1370,4560.00
1371,80.00
1372,80.00
1373,80.00
1374,80.00
1375,0.00
1376,0.00
1377,0.00
1378,0.00
1379,0.00
1380,0.00
1381,0.00
1382,0.00
1383,0.00
1384,0.00
1385,0.00
1386,0.00
1387,4480.00
1388,4480.00
1389,4480.00
1390,4480.00
1391,4560.00
1392,4480.00
1393,4480.00
1394,4560.00
1395,4480.00
1396,4560.00
1397,4480.00
1398,4560.00
1399,160.00
1400,80.00
1401,80.00
1402,0.00
1403,0.00
1404,0.00
1405,0.00
1406,0.00
1407,0.00
1408,0.00
1409,0.00
1410,0.00
1411,0.00
1412,0.00
1413,0.00
1414,0.00
1415,4400.00
1416,4400.00
1417,4480.00
1418,4560.00
1419,4480.00
1420,4480.00
1421,4560.00
1422,4480.00
1423,4480.00
1424,4480.00
1425,4480.00
1426,4480.00
1427,4480.00
1428,80.00
1429,0.00
1430,0.00
1431,80.00
1432,0.00
1433,80.00
1434,80.00
1435,0.00
1436,0.00
1437,0.00
1438,0.00
1439,0.00
1440,0.00
1441,0.00
1442,0.00
1443,0.00
1444,4480.00
1445,4480.00
1446,4480.00
1447,4480.00
1448,4480.00
1449,4480.00
1450,4560.00
1451,4480.00
1452,4560.00
1453,4480.00
1454,4560.00
1455,4480.00
1456,160.00
1457,80.00
1458,0.00
1459,0.00
1460,0.00
1461,0.00
1462,0.00
1463,0.00
1464,0.00
1465,0.00
1466,0.00
1467,0.00
1468,0.00
1469,0.00
1470,0.00
1471,4400.00
1472,4480.00
1473,4480.00
1474,4480.00
1475,4480.00
1476,4480.00
1477,4560.00
1478,4560.00
1479,4560.00
1480,4560.00
1481,4480.00
1482,4480.00
1483,4480.00
1484,4480.00
1485,4480.00
1486,4560.00
1487,4560.00
1488,4560.00
1489,4560.00
1490,4480.00
1491,4480.00
1492,4480.00
1493,4560.00
1494,4480.00
1495,4480.00
1496,4560.00
1497,4480.00
1498,4480.00
1499,4480.00
1500,4560.00
1501,4560.00
1502,4560.00
1503,4560.00
1504,4480.00
1505,4560.00
1506,4480.00
1507,4560.00
1508,4560.00
1509,4560.00
1510,4480.00
1511,4480.00
1512,4560.00
1513,160.00
1514,80.00
1515,80.00
1516,0.00
1517,0.00
1518,0.00
1519,0.00
1520,0.00
1521,0.00
1522,0.00
1523,0.00
1524,0.00
1525,0.00
1526,0.00
1527,0.00
1528,4160.00
1529,4480.00
1530,4480.00
1531,4480.00
1532,4480.00
1533,4480.00
1534,4560.00
1535,4560.00
1536,4480.00
1537,4480.00
1538,4480.00
1539,4480.00
1540,4480.00
1541,4560.00
1542,4560.00
1543,4560.00
1544,4480.00
1545,4480.00
1546,4480.00
1547,4560.00
1548,4560.00
1549,4560.00
1550,4560.00
1551,4480.00
1552,4480.00
1553,4560.00
1554,4560.00
1555,4560.00
1556,4560.00
1557,4480.00
1558,4480.00
1559,4480.00
1560,4560.00
1561,4560.00
1562,4560.00
1563,4480.00
1564,4480.00
1565,4480.00
1566,4560.00
1567,4480.00
1568,4560.00
1569,160.00
1570,80.00
1571,80.00
1572,80.00
1573,0.00
1574,0.00
1575,80.00
1576,0.00
1577,0.00
1578,0.00
1579,0.00
1580,0.00
1581,0.00
1582,0.00
1583,0.00
1584,80.00
1585,4400.00
1586,4480.00
1587,4480.00
1588,4480.00
1589,4480.00
1590,4480.00
1591,4560.00
1592,4560.00
1593,4560.00
1594,4480.00
1595,4560.00
1596,4480.00
1597,160.00
1598,80.00
1599,160.00
1600,0.00
1601,0.00
1602,0.00
1603,80.00
1604,80.00
1605,0.00
1606,0.00
1607,0.00
1608,0.00
1609,0.00
1610,0.00
1611,0.00
1612,0.00
1613,4400.00
1614,4480.00
1615,4480.00
1616,4480.00
1617,4480.00
1618,4480.00
1619,4480.00
1620,4560.00
1621,4480.00
1622,4480.00
1623,4480.00
1624,4480.00
1625,4480.00
1626,4560.00
1627,4480.00
1628,4480.00
1629,4560.00
1630,4560.00
1631,4560.00
1632,4560.00
1633,4560.00
1634,4480.00
1635,4560.00
1636,4560.00
1637,4560.00
1638,4560.00
1639,4560.00
1640,4480.00
1641,4560.00
1642,4560.00
1643,4560.00
1644,4480.00
1645,4560.00
1646,4560.00
1647,4480.00
1648,4480.00
1649,4560.00
1650,4560.00
1651,4480.00
1652,4560.00
1653,4480.00
1654,160.00
1655,160.00
1656,0.00
1657,0.00
1658,0.00
1659,80.00
1660,80.00
1661,0.00
1662,80.00
1663,0.00
1664,0.00
1665,0.00
1666,0.00
1667,0.00
1668,0.00
1669,0.00
1670,4480.00
1671,4480.00
1672,4480.00
1673,4480.00
1674,4560.00
1675,4560.00
1676,4560.00
1677,4480.00
1678,4480.00
1679,4560.00
1680,4480.00
1681,4480.00
1682,4480.00
1683,4560.00
1684,4560.00
1685,4560.00
1686,4560.00
1687,4560.00
1688,4480.00
1689,4560.00
1690,4560.00
1691,4560.00
1692,4480.00
1693,4560.00
1694,4560.00
1695,4480.00
1696,4560.00
1697,4480.00
1698,4480.00
1699,4560.00
1700,4480.00
1701,4480.00
1702,4560.00
1703,4560.00
1704,4560.00
1705,4560.00
1706,4560.00
1707,4560.00
1708,4480.00
1709,4560.00
1710,80.00
1711,160.00
1712,0.00
1713,0.00
1714,80.00
1715,80.00
1716,0.00
1717,0.00
1718,0.00
1719,0.00
1720,0.00
1721,0.00
1722,80.00
1723,0.00
1724,0.00
1725,0.00
1726,4400.00
1727,4480.00
1728,4480.00
1729,4560.00
1730,4480.00
1731,4480.00
1732,4480.00
1733,4480.00
1734,4480.00
1735,4480.00
1736,4480.00
1737,4560.00
1738,4560.00
1739,160.00
1740,80.00
1741,0.00
1742,0.00
1743,80.00
1744,0.00
1745,0.00
1746,0.00
1747,0.00
1748,0.00
1749,0.00
1750,0.00
1751,0.00
1752,0.00
1753,0.00
1754,0.00
1755,4480.00
1756,4480.00
1757,4480.00
1758,4560.00
1759,4560.00
1760,4560.00
1761,4560.00
1762,4560.00
1763,4480.00
1764,4480.00
1765,4560.00
1766,4480.00
1767,4480.00
1768,4480.00
1769,4480.00
1770,4480.00
1771,4560.00
1772,4560.00
1773,4480.00
1774,4560.00
1775,4480.00
1776,4480.00
1777,4560.00
1778,4480.00
1779,4480.00
1780,4480.00
1781,4560.00
1782,4560.00
1783,4560.00
1784,4560.00
1785,4480.00
1786,4480.00
1787,4480.00
1788,4560.00
1789,4480.00
1790,4560.00
1791,4560.00
1792,4560.00
1793,4560.00
1794,4480.00
1795,160.00
1796,160.00
1797,80.00
1798,0.00
1799,0.00
1800,0.00
1801,0.00
1802,0.00
1803,0.00
1804,0.00
1805,0.00
1806,0.00
1807,0.00
1808,0.00
1809,4400.00
1810,4400.00
1811,4480.00
1812,4560.00
1813,4560.00
1814,4480.00
1815,4560.00
1816,4560.00
1817,4560.00
1818,4560.00
1819,4480.00
1820,4560.00
1821,4560.00
1822,4480.00
1823,4480.00
1824,4480.00
1825,4480.00
1826,4560.00
1827,4560.00
1828,4560.00
1829,4480.00
1830,4560.00
1831,4560.00
1832,4560.00
1833,4560.00
1834,4560.00
1835,4480.00
1836,4560.00
1837,4560.00
1838,4560.00
1839,4560.00
1840,4480.00
1841,4480.00
1842,4560.00
1843,4560.00
1844,4560.00
1845,4560.00
1846,4560.00
1847,4560.00
1848,4560.00
1849,4560.00
1850,160.00
1851,160.00
1852,0.00
1853,0.00
1854,0.00
1855,80.00
1856,0.00
1857,0.00
1858,0.00
1859,0.00
1860,0.00
1861,0.00
1862,0.00
1863,0.00
1864,0.00
1865,0.00
1866,4480.00
1867,4480.00
1868,4560.00
1869,4560.00
1870,4480.00
1871,4560.00
1872,4480.00
1873,4560.00
1874,4480.00
1875,4560.00
1876,4560.00
1877,4560.00
1878,160.00
1879,160.00
1880,80.00
1881,0.00
1882,0.00
1883,0.00
1884,0.00
1885,0.00
1886,0.00
1887,0.00
1888,0.00
1889,0.00
1890,0.00
1891,0.00
1892,0.00
1893,0.00
1894,4480.00
1895,4400.00
1896,4480.00
1897,4480.00
1898,4480.00
1899,4560.00
1900,4560.00
1901,4480.00
1902,4480.00
1903,4560.00
1904,4480.00
1905,4480.00
1906,4560.00
1907,4560.00
1908,4560.00
1909,4560.00
1910,4480.00
1911,4560.00
1912,4480.00
1913,4480.00
1914,4560.00
1915,4480.00
1916,4480.00
1917,4560.00
1918,4480.00
1919,4560.00
1920,4480.00
1921,4560.00
1922,4560.00
1923,4560.00
1924,4560.00
1925,4560.00
1926,4560.00
1927,4480.00
1928,4560.00
1929,4560.00
1930,4560.00
1931,4560.00
1932,4560.00
1933,4480.00
1934,4560.00
1935,160.00
1936,80.00
1937,80.00
1938,0.00
1939,0.00
1940,0.00
1941,0.00
1942,0.00
1943,0.00
1944,0.00
1945,0.00
1946,0.00
1947,0.00
1948,0.00
1949,0.00
1950,4400.00
1951,4480.00
1952,4480.00
1953,4480.00
1954,4480.00
1955,4480.00
1956,4560.00
1957,4480.00
1958,4480.00
1959,4560.00
1960,4560.00
1961,4560.00
1962,4480.00
1963,80.00
1964,80.00
1965,0.00
1966,0.00
1967,0.00
1968,0.00
1969,0.00
1970,0.00
1971,0.00
1972,0.00
1973,0.00
1974,0.00
1975,0.00
1976,0.00
1977,0.00
1978,0.00
1979,4480.00
1980,4480.00
1981,4480.00
1982,4480.00
1983,4480.00
1984,4480.00
1985,4480.00
1986,4480.00
1987,4560.00
1988,4560.00
1989,4560.00
1990,4560.00
1991,160.00
1992,80.00
1993,0.00
1994,80.00
1995,0.00
1996,80.00
1997,0.00
1998,80.00
1999,80.00
2000,0.00
2001,0.00
2002,0.00
2003,0.00
2004,0.00
2005,0.00
2006,0.00
2007,4480.00
2008,4400.00
2009,4480.00
2010,4480.00
2011,4480.00
2012,4480.00
2013,4480.00
2014,4480.00
2015,4480.00
2016,4560.00
2017,4560.00
2018,4480.00
2019,4560.00
2020,80.00
2021,80.00
2022,0.00
2023,80.00
2024,80.00
2025,0.00
2026,0.00
2027,80.00
2028,0.00
2029,0.00
2030,0.00
2031,0.00
2032,0.00
2033,0.00
2034,0.00
2035,4400.00
2036,4400.00
2037,4480.00
2038,4480.00
2039,4560.00
2040,4560.00
2041,4480.00
2042,4560.00
2043,4560.00
2044,4480.00
2045,4560.00
2046,4480.00
2047,4480.00
2048,4560.00
2049,4560.00
2050,4560.00
2051,4560.00
2052,4560.00
2053,4480.00
2054,4560.00
2055,4480.00
2056,4560.00
2057,4480.00
2058,4560.00
2059,4480.00
2060,4560.00
2061,4480.00
2062,4480.00
2063,4560.00
2064,4480.00
2065,4560.00
2066,4560.00
2067,4480.00
2068,4560.00
2069,4480.00
2070,4480.00
2071,4560.00
2072,4480.00
2073,4480.00
2074,4480.00
2075,4480.00
2076,160.00
2077,80.00
2078,80.00
2079,0.00
2080,80.00
2081,0.00
2082,80.00
2083,0.00
2084,0.00
2085,80.00
2086,80.00
2087,0.00
2088,0.00
2089,0.00
2090,0.00
2091,4480.00
2092,4480.00
2093,4480.00
2094,4560.00
2095,4560.00
2096,4560.00
2097,4480.00
2098,4560.00
2099,4480.00
2100,4480.00
2101,4560.00
2102,4560.00
2103,4560.00
2104,4480.00
2105,4480.00
2106,4560.00
2107,4560.00
2108,4560.00
2109,4480.00
2110,4480.00
2111,4560.00
2112,4480.00
2113,4560.00
2114,4560.00
2115,4560.00
2116,4480.00
2117,4560.00
2118,4560.00
2119,4560.00
2120,4560.00
2121,4560.00
2122,4560.00
2123,4560.00
2124,4560.00
2125,4560.00
2126,4560.00
2127,4480.00
2128,4480.00
2129,4560.00
2130,4480.00
2131,4560.00
2132,4480.00
2133,80.00
2134,160.00
2135,80.00
2136,0.00
2137,0.00
2138,0.00
2139,0.00
2140,0.00
2141,80.00
2142,0.00
2143,0.00
2144,0.00
2145,0.00
2146,0.00
2147,0.00
2148,3840.00
2149,4480.00
2150,4480.00
2151,4480.00
2152,4480.00
2153,4480.00
2154,4560.00
2155,4480.00
2156,4560.00
2157,4560.00
2158,4480.00
2159,4480.00
2160,4480.00
2161,4480.00
2162,4560.00
2163,4640.00
2164,4480.00
2165,4560.00
2166,4480.00
2167,4560.00
2168,4560.00
2169,4560.00
2170,4560.00
2171,4560.00
2172,4560.00
2173,4560.00
2174,4560.00
2175,4480.00
2176,4480.00
2177,4480.00
2178,4560.00
2179,4560.00
2180,4560.00
2181,4560.00
2182,4560.00
2183,4560.00
2184,4560.00
2185,4560.00
2186,4560.00
2187,4560.00
2188,4560.00
2189,160.00
2190,160.00
2191,80.00
2192,0.00
2193,80.00
2194,80.00
2195,0.00
2196,0.00
2197,0.00
2198,0.00
2199,0.00
2200,0.00
2201,0.00
2202,0.00
2203,0.00
2204,0.00
2205,4400.00
2206,4480.00
2207,4560.00
2208,4560.00
2209,4480.00
2210,4560.00
2211,4480.00
2212,4480.00
2213,4480.00
2214,4560.00
2215,4480.00
2216,4480.00
2217,160.00
2218,160.00
2219,0.00
2220,80.00
2221,80.00
2222,80.00
2223,0.00
2224,0.00
2225,0.00
2226,0.00
2227,0.00
2228,0.00
2229,0.00
2230,0.00
2231,0.00
2232,0.00
2233,4480.00
2234,4480.00
2235,4560.00
2236,4480.00
2237,4480.00
2238,4480.00
2239,4480.00
2240,4480.00
2241,4480.00
2242,4560.00
2243,4480.00
2244,4480.00
2245,4480.00
2246,160.00
2247,0.00
2248,80.00
2249,0.00
2250,0.00
2251,0.00
2252,0.00
2253,80.00
2254,0.00
2255,0.00
2256,0.00
2257,0.00
2258,0.00
2259,0.00
2260,0.00
2261,0.00
2262,4480.00
2263,4480.00
2264,4480.00
2265,4480.00
2266,4560.00
2267,4480.00
2268,4560.00
2269,4560.00
2270,4560.00
2271,4560.00
2272,4560.00
2273,4560.00
2274,4480.00
2275,4480.00
2276,4560.00
2277,4480.00
2278,4560.00
2279,4560.00
2280,4560.00
2281,4480.00
2282,4560.00
2283,4480.00
2284,4560.00
2285,4560.00
2286,4560.00
2287,4560.00
2288,4560.00
2289,4560.00
2290,4560.00
2291,4560.00
2292,4560.00
2293,4560.00
2294,4560.00
2295,4480.00
2296,4480.00
2297,4560.00
2298,4480.00
2299,4560.00
2300,4560.00
2301,4560.00
2302,80.00
2303,80.00
2304,0.00
2305,160.00
2306,80.00
2307,80.00
2308,80.00
2309,0.00
2310,0.00
2311,0.00
2312,80.00
2313,0.00
2314,0.00
2315,0.00
2316,0.00
2317,0.00
2318,4400.00
2319,4480.00
2320,4480.00
2321,4480.00
2322,4480.00
2323,4480.00
2324,4480.00
2325,4560.00
2326,4560.00
2327,4560.00
2328,4560.00
2329,4480.00
2330,4480.00
2331,160.00
2332,80.00
2333,0.00
2334,0.00
2335,0.00
2336,0.00
2337,0.00
2338,0.00
2339,0.00
2340,0.00
2341,0.00
2342,0.00
2343,0.00
2344,0.00
2345,0.00
2346,4480.00
2347,4480.00
2348,4400.00
2349,4480.00
2350,4480.00
2351,4480.00
2352,4480.00
2353,4480.00
2354,4560.00
2355,4560.00
2356,4480.00
2357,4480.00
2358,4480.00
2359,160.00
2360,160.00
2361,80.00
2362,0.00
2363,0.00
2364,0.00
2365,80.00
2366,80.00
2367,80.00
2368,0.00
2369,0.00
2370,0.00
2371,0.00
2372,0.00
2373,0.00
2374,0.00
2375,4480.00
2376,4400.00
2377,4480.00
2378,4560.00
2379,4480.00
2380,4480.00
2381,4560.00
2382,4560.00
2383,4480.00
2384,4480.00
2385,4560.00
2386,4560.00
2387,160.00
2388,160.00
2389,80.00
2390,0.00
2391,0.00
2392,0.00
2393,0.00
2394,0.00
2395,0.00
2396,0.00
2397,0.00
2398,0.00
2399,0.00
2400,0.00
2401,4400.00
2402,4480.00
2403,4480.00
2404,4560.00
2405,4480.00
2406,4560.00
2407,4560.00
2408,4480.00
2409,4560.00
2410,4560.00
2411,4560.00
2412,4560.00
2413,4480.00
2414,4480.00
2415,4560.00
2416,4480.00
2417,4480.00
2418,4480.00
2419,4480.00
2420,4560.00
2421,4560.00
2422,4480.00
2423,4560.00
2424,4480.00
2425,4560.00
2426,4560.00
2427,4480.00
2428,4560.00
2429,4480.00
2430,4480.00
2431,4560.00
2432,4560.00
2433,4560.00
2434,4480.00
2435,4480.00
2436,4480.00
2437,4560.00
2438,4560.00
2439,4560.00
2440,4560.00
2441,4560.00
2442,80.00
2443,80.00
2444,0.00
2445,0.00
2446,0.00
2447,0.00
2448,0.00
2449,0.00
2450,0.00
2451,0.00
2452,0.00
2453,0.00
2454,0.00
2455,0.00
2456,0.00
2457,0.00
2458,4480.00
2459,4480.00
2460,4480.00
2461,4480.00
2462,4560.00
2463,4480.00
2464,4560.00
2465,4560.00
2466,4480.00
2467,4560.00
2468,4560.00
2469,4480.00
2470,80.00
2471,80.00
2472,0.00
2473,80.00
2474,0.00
2475,0.00
2476,0.00
2477,0.00
2478,0.00
2479,0.00
2480,0.00
2481,0.00
2482,0.00
2483,0.00
2484,0.00
2485,0.00
2486,4400.00
2487,4480.00
2488,4480.00
2489,4560.00
2490,4560.00
2491,4480.00
2492,4480.00
2493,4560.00
2494,4480.00
2495,4560.00
2496,4560.00
2497,4480.00
2498,160.00
2499,80.00
2500,80.00
2501,80.00
2502,80.00
2503,0.00
2504,0.00
2505,0.00
2506,0.00
2507,0.00
2508,0.00
2509,0.00
2510,0.00
2511,0.00
2512,0.00
2513,0.00
2514,4400.00
2515,4480.00
2516,4480.00
2517,4480.00
2518,4480.00
2519,4480.00
2520,4560.00
2521,4480.00
2522,4560.00
2523,4560.00
2524,4480.00
2525,4480.00
2526,4560.00
2527,4560.00
2528,4560.00
2529,4480.00
2530,4560.00
2531,4560.00
2532,4480.00
2533,4480.00
2534,4560.00
2535,4560.00
2536,4480.00
2537,4560.00
2538,4480.00
2539,4480.00
2540,4560.00
2541,4480.00
2542,4640.00
2543,4480.00
2544,4480.00
2545,4560.00
2546,4480.00
2547,4560.00
2548,4560.00
2549,4560.00
2550,4560.00
2551,4480.00
2552,4560.00
2553,4560.00
2554,4480.00
2555,4560.00
2556,4480.00
2557,4480.00
2558,4560.00
2559,4560.00
2560,4560.00
2561,4560.00
2562,4560.00
2563,4480.00
2564,4560.00
2565,4640.00
2566,4560.00
2567,4480.00
2568,4560.00
2569,4560.00
2570,4560.00
2571,4480.00
2572,4560.00
2573,4480.00
2574,4560.00
2575,4560.00
2576,4560.00
2577,4560.00
2578,4560.00
2579,4560.00
2580,4480.00
2581,4480.00
2582,4560.00
2583,4560.00
2584,4560.00
2585,4560.00
2586,4560.00
2587,4480.00
2588,4560.00
2589,4560.00
2590,4560.00
2591,4480.00
2592,4560.00
2593,4560.00
2594,4560.00
2595,4560.00
2596,4560.00
2597,4560.00
2598,4560.00
2599,4480.00
2600,4560.00
2601,4560.00
2602,4560.00
2603,4560.00
2604,4560.00
2605,4560.00
2606,4560.00
2607,4480.00
2608,4480.00
2609,4560.00
2610,4560.00
2611,4560.00
2612,4560.00
2613,4560.00
2614,4560.00
2615,4640.00
2616,4560.00
2617,4480.00
2618,4480.00
2619,4560.00
2620,4560.00
2621,4560.00
2622,4560.00
2623,4640.00
2624,4560.00
2625,4560.00
2626,4560.00
2627,4560.00
2628,4560.00
2629,4560.00
2630,4560.00
2631,4560.00
2632,4560.00
2633,4560.00
2634,4560.00
2635,4560.00
2636,4560.00
2637,4640.00
2638,4560.00
2639,4560.00
2640,4560.00
2641,4560.00
2642,4560.00
2643,4560.00
2644,4560.00
2645,4640.00
2646,4560.00
2647,4480.00
2648,4560.00
2649,4480.00
2650,4640.00
2651,4480.00
2652,4480.00
2653,4560.00
2654,4560.00
2655,4560.00
2656,4560.00
2657,4560.00
2658,4560.00
2659,4560.00
2660,4560.00
2661,4560.00
2662,4560.00
2663,4560.00
2664,4560.00
2665,4560.00
2666,4560.00
2667,4560.00
2668,4560.00
2669,4560.00
2670,4560.00
2671,4560.00
2672,4560.00
2673,4560.00
2674,4560.00
2675,4480.00
2676,4560.00
2677,4560.00
2678,4560.00
2679,4560.00
2680,4560.00
2681,4560.00
2682,4560.00
2683,4480.00
2684,4480.00
2685,4560.00
2686,4560.00
2687,4560.00
2688,4640.00
2689,4560.00
2690,4560.00
2691,4560.00
2692,4560.00
2693,4560.00
2694,4560.00
2695,4560.00
2696,4560.00
2697,4560.00
2698,4480.00
2699,4640.00
2700,4480.00
2701,4560.00
2702,4560.00
2703,4560.00
2704,4560.00
2705,4560.00
2706,4560.00
2707,4560.00
2708,4560.00
2709,4560.00
2710,4560.00
2711,4560.00
2712,4640.00
2713,4480.00
2714,4480.00
2715,4640.00
2716,4560.00
2717,4560.00
2718,4480.00
2719,4560.00
2720,4560.00
2721,4560.00
2722,4560.00
2723,4560.00
2724,4560.00
2725,4560.00
2726,4560.00
2727,4560.00
2728,4560.00
2729,4560.00
2730,4480.00
2731,4560.00
2732,4560.00
2733,4560.00
2734,4560.00
2735,4560.00
2736,4560.00
2737,4560.00
2738,4480.00
2739,4560.00
2740,4560.00
2741,4640.00
2742,4560.00
2743,4560.00
2744,4560.00
2745,4560.00
2746,4560.00
2747,4560.00
2748,4560.00
2749,4560.00
2750,4560.00
2751,4480.00
2752,4480.00
2753,4560.00
2754,4480.00
2755,4560.00
2756,4560.00
2757,4480.00
2758,4560.00
2759,4560.00
2760,4640.00
2761,4560.00
2762,4640.00
2763,4560.00
2764,4560.00
2765,4560.00
2766,4640.00
2767,4560.00
2768,4560.00
2769,4640.00
2770,4560.00
2771,4560.00
2772,4640.00
2773,4560.00
2774,4560.00
2775,4560.00
2776,4560.00
2777,4560.00
2778,4560.00
2779,4560.00
2780,4560.00
2781,4640.00
2782,4560.00
2783,4560.00
2784,4560.00
2785,4480.00
2786,4560.00
2787,4560.00
2788,4560.00
2789,4560.00
2790,4560.00
2791,4560.00
2792,4640.00
2793,4560.00
2794,4560.00
2795,4560.00
2796,4560.00
2797,4640.00
2798,4560.00
2799,4560.00
2800,4560.00
2801,4560.00
2802,4480.00
2803,4560.00
2804,4640.00
2805,4560.00
2806,4560.00
2807,4560.00
2808,4560.00
2809,4560.00
2810,4560.00
2811,4560.00
2812,4480.00
2813,4560.00
2814,4560.00
2815,4560.00
2816,4560.00
2817,4560.00
2818,4560.00
2819,4560.00
2820,4560.00
2821,4480.00
2822,4560.00
2823,4560.00
2824,4560.00
2825,4560.00
2826,4560.00
2827,4560.00
2828,4560.00
2829,4560.00
2830,4560.00
2831,4560.00
2832,4560.00
2833,4640.00
2834,4480.00
2835,4560.00
2836,4560.00
2837,4560.00
2838,4560.00
2839,4560.00
2840,4560.00
2841,4640.00
2842,4560.00
2843,4560.00
2844,4560.00
2845,4560.00
2846,4560.00
2847,4560.00
2848,4560.00
2849,4560.00
2850,4560.00
2851,4480.00
2852,4560.00
2853,4560.00
2854,4560.00
2855,4560.00
2856,4560.00
2857,4560.00
2858,4560.00
2859,4560.00
2860,4560.00
2861,4560.00
2862,4480.00
2863,4560.00
2864,4560.00
2865,4560.00
2866,4480.00
2867,4560.00
2868,4560.00
2869,4560.00
2870,4560.00
2871,4560.00
2872,4480.00
2873,4560.00
2874,4480.00
2875,4560.00
2876,4560.00
2877,4480.00
2878,4560.00
2879,4560.00
2880,4560.00
2881,4560.00
2882,4560.00
2883,4560.00
2884,4560.00
2885,4560.00
2886,4560.00
2887,4560.00
2888,4560.00
2889,4560.00
2890,4480.00
2891,4560.00
2892,4480.00
2893,4560.00
2894,4560.00
2895,4560.00
2896,4560.00
2897,4560.00
2898,4560.00
2899,4480.00
2900,4560.00
2901,4560.00
2902,4640.00
2903,4560.00
2904,4560.00
2905,4560.00
2906,4480.00
2907,4560.00
2908,4560.00
2909,4560.00
2910,4560.00
2911,4560.00
2912,4560.00
2913,4560.00
2914,4560.00
2915,4560.00
2916,4480.00
2917,4560.00
2918,4560.00
2919,4560.00
2920,4560.00
2921,4560.00
2922,4640.00
2923,4560.00
2924,4560.00
2925,4560.00
2926,4480.00
2927,4480.00
2928,4560.00
2929,4560.00
2930,4560.00
2931,4560.00
2932,4480.00
2933,4560.00
2934,4560.00
2935,4480.00
2936,4560.00
2937,4560.00
2938,4560.00
2939,4480.00
2940,4560.00
2941,4560.00
2942,4560.00
2943,4560.00
2944,4640.00
2945,4560.00
2946,4560.00
2947,4560.00
2948,4560.00
2949,4560.00
2950,4640.00
2951,4560.00
2952,4560.00
2953,4560.00
2954,4560.00
2955,4560.00
2956,4560.00
2957,4560.00
2958,4640.00
2959,4560.00
2960,4560.00
2961,4560.00
2962,4560.00
2963,4560.00
2964,4560.00
2965,4560.00
2966,4560.00
2967,4560.00
2968,4560.00
2969,4560.00
2970,4560.00
2971,4560.00
2972,4560.00
2973,4480.00
2974,4480.00
2975,4560.00
2976,4560.00
2977,4640.00
2978,4560.00
2979,4560.00
2980,4560.00
2981,4560.00
2982,4480.00
2983,4560.00
2984,4560.00
2985,4560.00
2986,4480.00
2987,4560.00
2988,4480.00
2989,4480.00
2990,4560.00
2991,4560.00
2992,4560.00
2993,4480.00
2994,4560.00
2995,4480.00
2996,4560.00
2997,4560.00
2998,4560.00
2999,4560.00
3000,4560.00
3001,4560.00
3002,4560.00
3003,4560.00
3004,4560.00
3005,4560.00
3006,4560.00
3007,4560.00
3008,4560.00
3009,4560.00
3010,4560.00
3011,4640.00
3012,4480.00
3013,4560.00
3014,4560.00
3015,4560.00
3016,4480.00
3017,4560.00
3018,4560.00
3019,4480.00
3020,4480.00
3021,4480.00
3022,4560.00
3023,4480.00
3024,4480.00
3025,4560.00
3026,4480.00
3027,4560.00
3028,4560.00
3029,4560.00
3030,4480.00
3031,4560.00
3032,4560.00
3033,4480.00
3034,4560.00
3035,4560.00
3036,4560.00
3037,4480.00
3038,4560.00
3039,4560.00
3040,4560.00
3041,4560.00
3042,4560.00
3043,4560.00
3044,4560.00
3045,4560.00
3046,4480.00
3047,4560.00
3048,4480.00
3049,4640.00
3050,4480.00
3051,4560.00
3052,4640.00
3053,4480.00
3054,4480.00
3055,4560.00
3056,4560.00
3057,4560.00
3058,4560.00
3059,4560.00
3060,4560.00
3061,4560.00
3062,4560.00
3063,4560.00
3064,4560.00
3065,4560.00
3066,4560.00
3067,4480.00
3068,4560.00
3069,4560.00
3070,4560.00
3071,4560.00
3072,4560.00
3073,4560.00
3074,4560.00
3075,4560.00
3076,4560.00
3077,4480.00
3078,4560.00
3079,4560.00
3080,4480.00
3081,4480.00
3082,4560.00
3083,4480.00
3084,4560.00
3085,4560.00
3086,4560.00
3087,4560.00
3088,4560.00
3089,4560.00
3090,4560.00
3091,4560.00
3092,4560.00
3093,4560.00
3094,4560.00
3095,4480.00
3096,4480.00
3097,4560.00
3098,4560.00
3099,4560.00
3100,4560.00
3101,4560.00
3102,4560.00
3103,4560.00
3104,4480.00
3105,4560.00
3106,4560.00
3107,4560.00
3108,4560.00
3109,4560.00
3110,4560.00
3111,4560.00
3112,4480.00
3113,4560.00
3114,4560.00
3115,4560.00
3116,4640.00
3117,4640.00
3118,4560.00
3119,4560.00
3120,4560.00
3121,4560.00
3122,4560.00
3123,4560.00
3124,4560.00
3125,4560.00
3126,4560.00
3127,4560.00
3128,4560.00
3129,4640.00
3130,4480.00
3131,4560.00
3132,4480.00
3133,4560.00
3134,4480.00
3135,4560.00
3136,4560.00
3137,4560.00
3138,4560.00
3139,4480.00
3140,4560.00
3141,4560.00
3142,4560.00
3143,4560.00
3144,4560.00
3145,4560.00
3146,4480.00
3147,4560.00
3148,4560.00
3149,4560.00
3150,4560.00
3151,4560.00
3152,4560.00
3153,4640.00
3154,4560.00
3155,4560.00
3156,4560.00
3157,4480.00
3158,4560.00
3159,4560.00
3160,4480.00
3161,4480.00
3162,4560.00
3163,4560.00
3164,4560.00
3165,4560.00
3166,4560.00
3167,4640.00
3168,4560.00
3169,4640.00
3170,4480.00
3171,4560.00
3172,4640.00
3173,4560.00
3174,4560.00
3175,4560.00
3176,4480.00
3177,4560.00
3178,4560.00
3179,4560.00
3180,4560.00
3181,4560.00
3182,4560.00
3183,4480.00
3184,4480.00
3185,4480.00
3186,4560.00
3187,4560.00
3188,4640.00
3189,4560.00
3190,4560.00
3191,4560.00
3192,4480.00
3193,4560.00
3194,4560.00
3195,4560.00
3196,4640.00
3197,4560.00
3198,4560.00
3199,4560.00
3200,4560.00
3201,4560.00
3202,4560.00
3203,4560.00
3204,4560.00
3205,4560.00
3206,4560.00
3207,4480.00
3208,4560.00
3209,4560.00
3210,4480.00
3211,4480.00
3212,4560.00
3213,4560.00
3214,4560.00
3215,4560.00
3216,4560.00
3217,4560.00
3218,4560.00
3219,4560.00
3220,4480.00
3221,4560.00
3222,4480.00
3223,4560.00
3224,4480.00
3225,4560.00
3226,4560.00
3227,4640.00
3228,4560.00
3229,4560.00
3230,4560.00
3231,4480.00
3232,4480.00
3233,4560.00
3234,4560.00
3235,4480.00
3236,4560.00
3237,4560.00
3238,4560.00
3239,4560.00
3240,4560.00
3241,4560.00
3242,4560.00
3243,4640.00
3244,4560.00
3245,4560.00
3246,4480.00
3247,4560.00
3248,4560.00
3249,4560.00
3250,4560.00
3251,4560.00
3252,4560.00
3253,4560.00
3254,4480.00
3255,4640.00
3256,4480.00
3257,4560.00
3258,4560.00
3259,4560.00
3260,4560.00
3261,4560.00
3262,4560.00
3263,4560.00
3264,4560.00
3265,4560.00
3266,4560.00
3267,4560.00
3268,4480.00
3269,4480.00
3270,4640.00
3271,4560.00
3272,4560.00
3273,4560.00
3274,4560.00
3275,4560.00
3276,4560.00
3277,4560.00
3278,4560.00
3279,4480.00
3280,4560.00
3281,4560.00
3282,4640.00
3283,4560.00
3284,4560.00
3285,4560.00
3286,4560.00
3287,4560.00
3288,4560.00
3289,4480.00
3290,4560.00
3291,4560.00
3292,4560.00
3293,4560.00
3294,4560.00
3295,4560.00
3296,4560.00
3297,4560.00
3298,4560.00
3299,4560.00
3300,4480.00
3301,4560.00
3302,4560.00
3303,4560.00
3304,4560.00
3305,4640.00
3306,4560.00
3307,4480.00
3308,4480.00
3309,4560.00
3310,4480.00
3311,4560.00
3312,4560.00
3313,4560.00
3314,4560.00
3315,4560.00
3316,4560.00
3317,4560.00
3318,4560.00
3319,4640.00
3320,4560.00
3321,4560.00
3322,4560.00
3323,4560.00
3324,4560.00
3325,4560.00
3326,4560.00
3327,4640.00
3328,4560.00
3329,4640.00
3330,4560.00
3331,4480.00
3332,4560.00
3333,4560.00
3334,4560.00
3335,4640.00
3336,4560.00
3337,4560.00
3338,4560.00
3339,4480.00
3340,4560.00
3341,4560.00
3342,4480.00
3343,4560.00
3344,4560.00
3345,4560.00
3346,4560.00
3347,4560.00
3348,4560.00
3349,4560.00
3350,4560.00
3351,4560.00
3352,4560.00
3353,4560.00
3354,4560.00
3355,4560.00
3356,4560.00
3357,4560.00
3358,4560.00
3359,4560.00
3360,4560.00
3361,4560.00
3362,4560.00
3363,4560.00
3364,4560.00
3365,4560.00
3366,4560.00
3367,4560.00
3368,4560.00
3369,4560.00
3370,4560.00
3371,4560.00
3372,4480.00
3373,4560.00
3374,4480.00
3375,4560.00
3376,4560.00
3377,4560.00
3378,4560.00
3379,4560.00
3380,4640.00
3381,4480.00
3382,4560.00
3383,4560.00
3384,4480.00
3385,4560.00
3386,4560.00
3387,4560.00
3388,4560.00
3389,4560.00
3390,4480.00
3391,4560.00
3392,4560.00
3393,4560.00
3394,4560.00
3395,4560.00
3396,4560.00
3397,4560.00
3398,4560.00
3399,4480.00
3400,4560.00
3401,4560.00
3402,4560.00
3403,4560.00
3404,4560.00
3405,4560.00
3406,4640.00
3407,4560.00
3408,4560.00
3409,4560.00
3410,4480.00
3411,4480.00
3412,4560.00
3413,4560.00
3414,4560.00
3415,4560.00
3416,4560.00
3417,4560.00
3418,4560.00
3419,4640.00
3420,4560.00
3421,4560.00
3422,4560.00
3423,4560.00
3424,4560.00
3425,4560.00
3426,4560.00
3427,4560.00
3428,4640.00
3429,4480.00
3430,4640.00
3431,4560.00
3432,4480.00
3433,4560.00
3434,4560.00
3435,4640.00
3436,4560.00
3437,4560.00
3438,4560.00
3439,4560.00
3440,4480.00
3441,4560.00
3442,4560.00
3443,4560.00
3444,4560.00
3445,4560.00
3446,4560.00
3447,4560.00
3448,4560.00
3449,4560.00
3450,4480.00
3451,4480.00
3452,4560.00
3453,4560.00
3454,4480.00
3455,4480.00
3456,4560.00
3457,4560.00
3458,4560.00
3459,4480.00
3460,4560.00
3461,4480.00
3462,4560.00
3463,4560.00
3464,4480.00
3465,4560.00
3466,4480.00
3467,4560.00
3468,4560.00
3469,4560.00
3470,4560.00
3471,4480.00
3472,4560.00
3473,4560.00
3474,4560.00
3475,4560.00
3476,4480.00
3477,4560.00
3478,4560.00
3479,4480.00
3480,4560.00
3481,4560.00
3482,4560.00
3483,4560.00
3484,4560.00
3485,4560.00
3486,4640.00
3487,4560.00
3488,4560.00
3489,4560.00
3490,4640.00
3491,4480.00
3492,4560.00
3493,4560.00
3494,4560.00
3495,4560.00
3496,4560.00
3497,4560.00
3498,4480.00
3499,4560.00
3500,4560.00
3501,4480.00
3502,4480.00
3503,4560.00
3504,4560.00
3505,4560.00
3506,4560.00
3507,4480.00
3508,4560.00
3509,4560.00
3510,4560.00
3511,4560.00
3512,4560.00
3513,4640.00
3514,4560.00
3515,4560.00
3516,4560.00
3517,4480.00
3518,4480.00
3519,4640.00
3520,4560.00
3521,4480.00
3522,4560.00
3523,4560.00
3524,4560.00
3525,4480.00
3526,4560.00
3527,4560.00
3528,4480.00
3529,4640.00
3530,4560.00
3531,4480.00
3532,4480.00
3533,4480.00
3534,4480.00
3535,4560.00
3536,4560.00
3537,4560.00
3538,4560.00
3539,4560.00
3540,4560.00
3541,4560.00
3542,4560.00
3543,4480.00
3544,4560.00
3545,4560.00
3546,4480.00
3547,4480.00
3548,4560.00
3549,4560.00
3550,4560.00
3551,4560.00
3552,4560.00
3553,4560.00
3554,4560.00
3555,4560.00
3556,4560.00
3557,4560.00
3558,4560.00
3559,4560.00
3560,4480.00
3561,4560.00
3562,4560.00
3563,4560.00
3564,4560.00
3565,4480.00
3566,4560.00
3567,4560.00
3568,4560.00
3569,4560.00
3570,4480.00
3571,4560.00
3572,4640.00
3573,4560.00
3574,4560.00
3575,4560.00
3576,4560.00
3577,4560.00
3578,4560.00
3579,4640.00
3580,4560.00
3581,4560.00
3582,4560.00
3583,4560.00
3584,4560.00
3585,4560.00
3586,4480.00
3587,4560.00
3588,4560.00
3589,4560.00
3590,4480.00
3591,4480.00
3592,4560.00
3593,4480.00
3594,4560.00
3595,4560.00
3596,4480.00
3597,4560.00
3598,4560.00
3599,4560.00
3600,4560.00
3601,4560.00
3602,4640.00
3603,4560.00
3604,4560.00
3605,4560.00
3606,4560.00
3607,4560.00
3608,4560.00
3609,4480.00
3610,4560.00
3611,4480.00
3612,4560.00
3613,4560.00
3614,4560.00
3615,4560.00
3616,4560.00
3617,4560.00
3618,4560.00
3619,4480.00
3620,4560.00
3621,4560.00
3622,4560.00
3623,4560.00
3624,4480.00
3625,4560.00
3626,4560.00
3627,4560.00
3628,4560.00
3629,4560.00
3630,4640.00
3631,4560.00
3632,4560.00
3633,4560.00
3634,4480.00
3635,4480.00
3636,4560.00
3637,4480.00
3638,4480.00
3639,4560.00
3640,4560.00
3641,4480.00
3642,4560.00
3643,4560.00
3644,4480.00
3645,4560.00
3646,4560.00
3647,4560.00
3648,4560.00
3649,4560.00
3650,4480.00
3651,4560.00
3652,4480.00
3653,4560.00
3654,4480.00
3655,4560.00
3656,4480.00
3657,4560.00
3658,4560.00
3659,4560.00
3660,4560.00
3661,4560.00
3662,4480.00
3663,4480.00
3664,4560.00
3665,4560.00
3666,4560.00
3667,4560.00
3668,4560.00
3669,4480.00
3670,4560.00
3671,4560.00
3672,4560.00
3673,4480.00
3674,4560.00
3675,4560.00
3676,4560.00
3677,4560.00
3678,4560.00
3679,4560.00
3680,4480.00
3681,4560.00
3682,4560.00
3683,4560.00
3684,4560.00
3685,4560.00
3686,4480.00
3687,4560.00
3688,4560.00
3689,4560.00
3690,4560.00
3691,4560.00
3692,4560.00
3693,4560.00
3694,4560.00
3695,4560.00
3696,4480.00
3697,4480.00
3698,4560.00
3699,4560.00
3700,4560.00
3701,4560.00
3702,4560.00
3703,4480.00
3704,4480.00
3705,4480.00
3706,4560.00
3707,4560.00
3708,4480.00
3709,4560.00
3710,4560.00
3711,4560.00
3712,4560.00
3713,4560.00
3714,4560.00
3715,4560.00
3716,4560.00
3717,4560.00
3718,4560.00
3719,4480.00
3720,4480.00
3721,4480.00
3722,4560.00
3723,4560.00
3724,4560.00
3725,4560.00
3726,4560.00
3727,4560.00
3728,4560.00
3729,4560.00
3730,4560.00
3731,4560.00
3732,4560.00
3733,4560.00
3734,4560.00
3735,4480.00
3736,4560.00
3737,4560.00
3738,4560.00
3739,4480.00
3740,4560.00
3741,4560.00
3742,4560.00
3743,4560.00
3744,4480.00
3745,4560.00
3746,4560.00
3747,4560.00
3748,4560.00
3749,4480.00
3750,4560.00
3751,4560.00
3752,4480.00
3753,4560.00
3754,4560.00
3755,4560.00
3756,4560.00
3757,4560.00
3758,4560.00
3759,4560.00
3760,4480.00
3761,4560.00
3762,4560.00
3763,4480.00
3764,4560.00
3765,4560.00
3766,4560.00
3767,4560.00
3768,4560.00
3769,4560.00
3770,4560.00
3771,4560.00
3772,4560.00
3773,4480.00
3774,4560.00
3775,4560.00
3776,4480.00
3777,4560.00
3778,4560.00
3779,4560.00
3780,4560.00
3781,4480.00
3782,4480.00
3783,4560.00
3784,4560.00
3785,4480.00
3786,4560.00
3787,4480.00
3788,4480.00
3789,4560.00
3790,4560.00
3791,4560.00
3792,4560.00
3793,4560.00
3794,4560.00
3795,4560.00
3796,4560.00
3797,4560.00
3798,4560.00
3799,4560.00
3800,4560.00
3801,4480.00
3802,4560.00
3803,4640.00
3804,4560.00
3805,4480.00
3806,4560.00
3807,4560.00
3808,4560.00
3809,4480.00
3810,4560.00
3811,4560.00
3812,4560.00
3813,4480.00
3814,4560.00
3815,4560.00
3816,4560.00
3817,4560.00
3818,4480.00
3819,4560.00
3820,4480.00
3821,4480.00
3822,4560.00
3823,4560.00
3824,4560.00
3825,4560.00
3826,4560.00
3827,4560.00
3828,4480.00
3829,4560.00
3830,4560.00
3831,4480.00
3832,4560.00
3833,4560.00
3834,4560.00
3835,4560.00
3836,4480.00
3837,4560.00
3838,4480.00
3839,4560.00
3840,4560.00
3841,4560.00
3842,4560.00
3843,4560.00
3844,4560.00
3845,4480.00
3846,4480.00
3847,4480.00
3848,4560.00
3849,4480.00
3850,4560.00
3851,4560.00
3852,4560.00
3853,4560.00
3854,4560.00
3855,4560.00
3856,4480.00
3857,4560.00
3858,4560.00
3859,4560.00
3860,4560.00
3861,4560.00
3862,4560.00
3863,4560.00
3864,4560.00
3865,4560.00
3866,4560.00
3867,4560.00
3868,4480.00
3869,4560.00
3870,4560.00
3871,4560.00
3872,4560.00
3873,4560.00
3874,4560.00
3875,4560.00
3876,4560.00
3877,4560.00
3878,4560.00
3879,4560.00
3880,4480.00
3881,4560.00
3882,4560.00
3883,4480.00
3884,4560.00
3885,4560.00
3886,4560.00
3887,4480.00
3888,4480.00
3889,4560.00
3890,4480.00
3891,4480.00
3892,4480.00
3893,4480.00
3894,4560.00
3895,4560.00
3896,4480.00
3897,4480.00
3898,4480.00
3899,4560.00
3900,4560.00
3901,4560.00
3902,4560.00
3903,4560.00
3904,4560.00
3905,4560.00
3906,4560.00
3907,4560.00
3908,4480.00
3909,4560.00
3910,4480.00
3911,4560.00
3912,4560.00
3913,4560.00
3914,4560.00
3915,4560.00
3916,4560.00
3917,4480.00
3918,4560.00
3919,4560.00
3920,4560.00
3921,4560.00
3922,4560.00
3923,4480.00
3924,4560.00
3925,4560.00
3926,4560.00
3927,4480.00
3928,4560.00
3929,4560.00
3930,4560.00
3931,4560.00
3932,4560.00
3933,4560.00
3934,4560.00
3935,4560.00
3936,4560.00
3937,4480.00
3938,4560.00
3939,4560.00
3940,4560.00
3941,4560.00
3942,4480.00
3943,4480.00
3944,4560.00
3945,4480.00
3946,4560.00
3947,4560.00
3948,4480.00
3949,4560.00
3950,4560.00
3951,4560.00
3952,4480.00
3953,4560.00
3954,4480.00
3955,4560.00
3956,4480.00
3957,4480.00
3958,4560.00
3959,4560.00
3960,4480.00
3961,4480.00
3962,4560.00
3963,4480.00
3964,4560.00
3965,4480.00
3966,4560.00
3967,4560.00
3968,4560.00
3969,4480.00
3970,4560.00
3971,4560.00
3972,4480.00
3973,4560.00
3974,4560.00
3975,4480.00
3976,4560.00
3977,4560.00
3978,4560.00
3979,4560.00
3980,4480.00
3981,4560.00
3982,4560.00
3983,4560.00
3984,4480.00
3985,4480.00
3986,4560.00
3987,4560.00
3988,4560.00
3989,4480.00
3990,4480.00
3991,4560.00
3992,4560.00
3993,4480.00
3994,4560.00
3995,4560.00
3996,4480.00
3997,4480.00
3998,4480.00
3999,4480.00
